{"epochs": 2, "train_loss": 1.434328896446228, "train_accuracy": 0.49587997794151306, "test_loss": 1.3841499090194702, "test_accuracy": 0.5095999836921692, "_step": 2, "_runtime": 19, "_timestamp": 1612445272}