{"epochs": 2, "train_loss": 1.1275604125213623, "train_accuracy": 0.5981999635696411, "test_loss": 2.2058496475219727, "test_accuracy": 0.3423999845981598, "_step": 2, "_runtime": 21, "_timestamp": 1612439974}