{"epochs": 28, "train_loss": 1.0336947772216798, "train_accuracy": 0.6363399624824524, "test_loss": 1.1272322912216186, "test_accuracy": 0.6028000116348267, "_step": 28, "_runtime": 170, "_timestamp": 1612451386}