{"epochs": 9, "train_loss": 1.956885301437378, "train_accuracy": 0.3860799968242645, "test_loss": 2.0459375381469727, "test_accuracy": 0.3481999933719635, "_step": 9, "_runtime": 60, "_timestamp": 1612437970}