{"epochs": 0, "train_loss": 1.568706311264038, "train_accuracy": 0.4199399948120117, "test_loss": 2.5863616466522217, "test_accuracy": 0.23249998688697815, "_step": 0, "_runtime": 7, "_timestamp": 1612439780}