{"epochs": 2, "train_loss": 1.6710443147277831, "train_accuracy": 0.3904799818992615, "test_loss": 1.60660628490448, "test_accuracy": 0.4185999929904938, "_step": 2, "_runtime": 19, "_timestamp": 1612450944}