{"epochs": 13, "train_loss": 1.9357576697540284, "train_accuracy": 0.4055199921131134, "test_loss": 2.005601167678833, "test_accuracy": 0.3732999861240387, "_step": 13, "_runtime": 93, "_timestamp": 1612439547}