{"epochs": 9, "train_loss": 2.302039025115967, "train_accuracy": 0.10567999631166458, "test_loss": 2.3044681549072266, "test_accuracy": 0.09759999811649323, "_step": 9, "_runtime": 61, "_timestamp": 1612438034}