{"epochs": 99, "train_loss": 0.6948063669013977, "train_accuracy": 0.757099986076355, "test_loss": 0.9510738849639893, "test_accuracy": 0.6868999600410461, "_step": 99, "_runtime": 593, "_timestamp": 1612439450}