{"epochs": 9, "train_loss": 0.9345624984741211, "train_accuracy": 0.672760009765625, "test_loss": 1.1929196119308472, "test_accuracy": 0.5873000025749207, "_step": 9, "_runtime": 59, "_timestamp": 1612437907}