{"epochs": 117, "train_loss": 0.773105976486206, "train_accuracy": 0.7250799536705017, "test_loss": 1.012256383895874, "test_accuracy": 0.6507999897003174, "_step": 117, "_runtime": 798, "_timestamp": 1612446088}