{"epochs": 115, "train_loss": 0.7034233701896667, "train_accuracy": 0.751800000667572, "test_loss": 0.9890000820159912, "test_accuracy": 0.6796999573707581, "_step": 115, "_runtime": 739, "_timestamp": 1612440725}